customer_id,signup_date,age,gender,region,state,income_band,churn_label
10001,2021-04-08,59,Female,West,Gujarat,3L-6L,0
10002,2023-04-28,40,Female,East,Bihar,<3L,0
10003,2022-12-18,64,Female,South,Kerala,6L-10L,0
10004,2022-04-26,53,Female,West,Gujarat,3L-6L,0
10005,2022-04-20,48,Male,West,Gujarat,15L+,0
10006,2023-07-30,60,Male,West,Maharashtra,<3L,0
10007,2021-04-05,42,Female,East,West Bengal,<3L,0
10008,2023-02-03,51,Female,Central,Chhattisgarh,3L-6L,0
10009,2021-08-09,31,Male,South,Tamil Nadu,3L-6L,0
10010,2021-04-14,63,Male,Central,Madhya Pradesh,3L-6L,0
10011,2022-07-31,47,Female,South,Karnataka,6L-10L,0
10012,2023-12-05,54,Female,South,Telangana,3L-6L,0
10013,2023-03-17,39,Female,East,Odisha,6L-10L,0
10014,2023-04-14,58,Male,East,Odisha,10L-15L,0
10015,2023-02-25,21,Male,West,Gujarat,6L-10L,0
10016,2023-05-11,23,Female,South,Tamil Nadu,6L-10L,0
10017,2022-07-16,41,Male,Central,Madhya Pradesh,3L-6L,0
10018,2021-05-21,52,Female,South,Tamil Nadu,3L-6L,0
10019,2023-07-09,56,Female,East,Bihar,3L-6L,0
10020,2022-05-09,38,Male,Central,Chhattisgarh,15L+,0
10021,2022-07-02,48,Male,East,West Bengal,6L-10L,0
10022,2022-02-11,43,Male,West,Maharashtra,3L-6L,0
10023,2021-07-19,63,Female,Central,Madhya Pradesh,6L-10L,0
10024,2023-10-12,48,Female,Central,Chhattisgarh,10L-15L,1
10025,2023-05-06,37,Male,East,Odisha,6L-10L,0
10026,2022-12-07,63,Female,East,Bihar,6L-10L,0
10027,2022-03-17,23,Male,North,Punjab,10L-15L,0
10028,2023-06-20,64,Male,East,Bihar,6L-10L,0
10029,2022-08-21,25,Female,Central,Chhattisgarh,6L-10L,0
10030,2022-05-01,31,Male,East,West Bengal,3L-6L,0
10031,2022-05-09,56,Male,South,Telangana,<3L,0
10032,2021-09-06,52,Female,North,Haryana,15L+,0
10033,2021-04-11,63,Male,South,Telangana,6L-10L,0
10034,2022-08-31,53,Female,South,Telangana,3L-6L,0
10035,2023-08-31,47,Male,Central,Madhya Pradesh,6L-10L,0
10036,2021-03-11,34,Male,East,West Bengal,<3L,0
10037,2023-07-29,18,Male,North,Punjab,10L-15L,0
10038,2023-06-26,23,Male,North,Delhi,3L-6L,0
10039,2021-10-31,31,Male,Central,Madhya Pradesh,10L-15L,0
10040,2022-11-23,19,Male,Central,Madhya Pradesh,6L-10L,1
10041,2021-06-30,41,Female,West,Gujarat,3L-6L,0
10042,2023-04-11,54,Male,North,Punjab,<3L,0
10043,2023-02-07,63,Male,North,Punjab,10L-15L,0
10044,2022-01-24,41,Male,North,Haryana,3L-6L,0
10045,2021-03-16,59,Male,West,Gujarat,<3L,0
10046,2023-11-29,64,Male,West,Gujarat,10L-15L,0
10047,2022-05-04,58,Female,Central,Madhya Pradesh,3L-6L,0
10048,2023-09-05,39,Male,North,Punjab,3L-6L,0
10049,2023-01-13,33,Female,North,Delhi,3L-6L,0
10050,2023-05-03,63,Female,Central,Madhya Pradesh,10L-15L,0
10051,2023-04-13,29,Male,Central,Madhya Pradesh,3L-6L,0
10052,2021-08-02,37,Male,West,Maharashtra,3L-6L,0
10053,2022-02-03,21,Male,North,Punjab,3L-6L,0
10054,2022-05-27,55,Female,North,Delhi,3L-6L,0
10055,2022-06-30,48,Male,North,Haryana,3L-6L,0
10056,2021-02-17,21,Female,West,Rajasthan,<3L,0
10057,2022-08-22,28,Female,Central,Madhya Pradesh,3L-6L,0
10058,2021-06-18,44,Female,West,Gujarat,3L-6L,0
10059,2023-03-25,43,Female,South,Kerala,10L-15L,0
10060,2023-01-18,55,Other,West,Gujarat,<3L,0
10061,2023-10-08,30,Male,North,Punjab,3L-6L,0
10062,2023-03-27,61,Male,Central,Chhattisgarh,10L-15L,0
10063,2022-02-06,38,Male,Central,Madhya Pradesh,10L-15L,0
10064,2023-11-26,56,Female,West,Maharashtra,6L-10L,0
10065,2022-03-26,29,Female,Central,Madhya Pradesh,3L-6L,0
10066,2021-12-23,19,Female,East,West Bengal,3L-6L,0
10067,2023-09-19,20,Male,East,Odisha,3L-6L,0
10068,2022-02-10,35,Other,South,Tamil Nadu,<3L,0
10069,2021-03-25,62,Female,Central,Madhya Pradesh,3L-6L,0
10070,2022-05-30,20,Female,West,Rajasthan,6L-10L,0
10071,2023-05-22,35,Other,North,Delhi,3L-6L,0
10072,2021-07-27,23,Male,Central,Chhattisgarh,6L-10L,0
10073,2022-05-22,61,Male,North,Haryana,3L-6L,0
10074,2021-05-23,49,Female,East,Odisha,3L-6L,0
10075,2023-01-22,53,Male,North,Haryana,10L-15L,0
10076,2022-06-05,51,Male,West,Maharashtra,10L-15L,0
10077,2021-12-28,48,Male,East,West Bengal,3L-6L,0
10078,2021-09-06,54,Male,East,West Bengal,6L-10L,0
10079,2022-09-11,18,Female,West,Gujarat,3L-6L,1
10080,2023-01-04,58,Female,West,Gujarat,<3L,0
10081,2023-10-27,52,Male,South,Telangana,6L-10L,0
10082,2022-04-24,52,Male,Central,Madhya Pradesh,3L-6L,0
10083,2021-06-25,36,Male,East,West Bengal,3L-6L,1
10084,2023-07-01,55,Female,North,Haryana,6L-10L,0
10085,2022-11-21,35,Female,North,Haryana,3L-6L,0
10086,2023-02-06,20,Female,South,Telangana,<3L,0
10087,2021-04-17,60,Male,West,Gujarat,3L-6L,0
10088,2021-12-09,29,Male,East,Odisha,15L+,1
10089,2023-04-21,22,Male,South,Karnataka,6L-10L,0
10090,2023-07-01,47,Female,East,Bihar,3L-6L,0
10091,2022-04-22,28,Male,Central,Madhya Pradesh,<3L,0
10092,2023-06-01,58,Female,East,Bihar,6L-10L,0
10093,2023-07-11,38,Female,North,Delhi,<3L,0
10094,2022-03-01,18,Male,North,Punjab,6L-10L,1
10095,2023-09-11,62,Male,East,West Bengal,10L-15L,0
10096,2021-11-12,42,Male,East,Odisha,3L-6L,0
10097,2021-09-20,30,Male,Central,Chhattisgarh,3L-6L,1
10098,2023-01-18,49,Male,East,Bihar,<3L,0
10099,2022-11-29,42,Female,West,Rajasthan,<3L,0
10100,2021-06-03,19,Male,East,West Bengal,3L-6L,0
10101,2023-07-01,53,Male,South,Tamil Nadu,10L-15L,0
10102,2021-08-07,36,Female,West,Rajasthan,3L-6L,0
10103,2023-06-01,50,Female,West,Gujarat,6L-10L,0
10104,2021-01-09,60,Male,West,Maharashtra,6L-10L,0
10105,2023-05-23,46,Female,North,Haryana,<3L,0
10106,2023-05-12,49,Female,West,Gujarat,3L-6L,0
10107,2023-05-05,29,Female,South,Tamil Nadu,3L-6L,0
10108,2022-12-30,29,Female,West,Rajasthan,6L-10L,0
10109,2022-06-01,37,Male,West,Gujarat,3L-6L,0
10110,2023-02-12,58,Female,West,Gujarat,6L-10L,0
10111,2021-10-31,42,Male,Central,Chhattisgarh,10L-15L,0
10112,2023-05-05,34,Female,East,Odisha,10L-15L,0
10113,2022-09-01,54,Female,North,Punjab,15L+,0
10114,2022-05-18,58,Male,West,Gujarat,10L-15L,0
10115,2022-07-08,60,Male,West,Maharashtra,10L-15L,0
10116,2022-09-15,32,Female,North,Delhi,10L-15L,0
10117,2021-02-10,51,Female,North,Haryana,6L-10L,0
10118,2021-06-03,45,Male,South,Tamil Nadu,10L-15L,0
10119,2021-09-26,39,Female,Central,Chhattisgarh,15L+,0
10120,2021-05-06,36,Female,East,West Bengal,6L-10L,0
10121,2022-04-27,23,Female,Central,Madhya Pradesh,6L-10L,0
10122,2023-01-02,30,Male,Central,Chhattisgarh,6L-10L,0
10123,2022-12-18,43,Male,East,Bihar,10L-15L,0
10124,2022-05-31,59,Female,West,Gujarat,3L-6L,0
10125,2023-07-26,58,Male,South,Tamil Nadu,10L-15L,0
10126,2022-09-11,26,Female,North,Delhi,10L-15L,1
10127,2021-03-28,49,Male,South,Tamil Nadu,15L+,0
10128,2023-04-18,21,Female,East,Bihar,3L-6L,1
10129,2022-09-22,49,Male,North,Delhi,6L-10L,0
10130,2022-11-27,34,Male,South,Karnataka,10L-15L,0
10131,2022-09-12,39,Female,North,Delhi,15L+,0
10132,2022-08-30,51,Female,West,Gujarat,10L-15L,0
10133,2021-04-10,37,Female,Central,Chhattisgarh,6L-10L,0
10134,2022-09-05,55,Other,Central,Madhya Pradesh,6L-10L,0
10135,2023-05-21,43,Other,South,Kerala,3L-6L,0
10136,2021-11-29,64,Female,East,West Bengal,15L+,0
10137,2022-10-23,47,Male,Central,Madhya Pradesh,3L-6L,0
10138,2021-02-03,31,Female,East,Bihar,6L-10L,0
10139,2022-01-16,54,Female,South,Tamil Nadu,10L-15L,0
10140,2022-04-24,37,Male,South,Karnataka,3L-6L,0
10141,2023-12-13,43,Male,West,Maharashtra,3L-6L,0
10142,2021-08-23,24,Female,East,West Bengal,3L-6L,0
10143,2021-10-30,23,Female,Central,Chhattisgarh,10L-15L,0
10144,2022-03-24,45,Female,Central,Chhattisgarh,6L-10L,0
10145,2023-12-23,26,Other,North,Delhi,<3L,0
10146,2023-07-24,64,Female,West,Rajasthan,6L-10L,0
10147,2021-02-07,58,Male,South,Kerala,3L-6L,0
10148,2021-09-14,50,Male,East,Bihar,10L-15L,0
10149,2023-06-19,52,Male,South,Tamil Nadu,3L-6L,0
10150,2021-03-05,45,Male,South,Telangana,3L-6L,0
10151,2023-07-26,20,Female,South,Tamil Nadu,<3L,0
10152,2021-11-05,36,Female,North,Haryana,6L-10L,0
10153,2023-10-02,41,Male,West,Gujarat,6L-10L,0
10154,2021-11-18,61,Male,North,Punjab,10L-15L,0
10155,2022-04-21,28,Female,South,Tamil Nadu,6L-10L,0
10156,2022-12-26,41,Male,North,Punjab,3L-6L,0
10157,2021-05-19,34,Female,North,Delhi,3L-6L,0
10158,2022-09-02,24,Male,South,Kerala,3L-6L,1
10159,2022-07-07,22,Female,Central,Chhattisgarh,10L-15L,0
10160,2023-05-09,35,Male,Central,Madhya Pradesh,3L-6L,0
10161,2023-12-27,21,Female,South,Tamil Nadu,15L+,0
10162,2022-12-29,21,Male,East,West Bengal,3L-6L,0
10163,2022-03-25,34,Female,Central,Madhya Pradesh,<3L,0
10164,2022-03-21,27,Male,South,Tamil Nadu,3L-6L,0
10165,2022-04-03,44,Male,Central,Madhya Pradesh,<3L,0
10166,2023-06-11,18,Female,North,Punjab,10L-15L,0
10167,2021-12-18,32,Male,South,Karnataka,6L-10L,0
10168,2021-07-02,39,Male,South,Telangana,3L-6L,0
10169,2022-01-02,63,Male,North,Haryana,6L-10L,0
10170,2021-01-25,47,Male,Central,Chhattisgarh,6L-10L,0
10171,2021-04-27,59,Male,Central,Chhattisgarh,15L+,0
10172,2021-04-09,34,Female,South,Karnataka,15L+,0
10173,2023-04-25,39,Male,Central,Chhattisgarh,6L-10L,0
10174,2023-03-02,37,Female,West,Maharashtra,10L-15L,0
10175,2023-02-02,59,Other,Central,Madhya Pradesh,10L-15L,0
10176,2022-05-21,63,Male,Central,Madhya Pradesh,6L-10L,0
10177,2023-02-25,63,Female,East,Bihar,6L-10L,0
10178,2021-06-26,53,Female,North,Punjab,<3L,0
10179,2023-09-14,41,Female,Central,Chhattisgarh,10L-15L,0
10180,2022-07-03,43,Male,West,Rajasthan,15L+,0
10181,2023-10-25,64,Male,Central,Madhya Pradesh,<3L,0
10182,2021-06-16,31,Male,Central,Chhattisgarh,10L-15L,0
10183,2022-06-29,34,Female,North,Delhi,15L+,1
10184,2023-02-02,60,Other,East,Bihar,3L-6L,0
10185,2022-06-27,36,Female,North,Delhi,6L-10L,0
10186,2022-05-04,29,Male,North,Haryana,10L-15L,0
10187,2021-07-02,44,Female,Central,Madhya Pradesh,15L+,0
10188,2022-02-22,33,Male,Central,Chhattisgarh,<3L,0
10189,2021-09-19,59,Female,Central,Madhya Pradesh,3L-6L,0
10190,2021-11-27,60,Male,Central,Madhya Pradesh,6L-10L,0
10191,2023-01-19,32,Female,West,Rajasthan,3L-6L,0
10192,2022-11-22,42,Female,East,West Bengal,3L-6L,0
10193,2022-10-27,64,Male,Central,Madhya Pradesh,<3L,0
10194,2022-02-01,52,Male,East,West Bengal,3L-6L,0
10195,2023-11-17,28,Female,West,Maharashtra,6L-10L,0
10196,2021-04-06,45,Male,South,Karnataka,6L-10L,0
10197,2022-01-11,47,Female,West,Gujarat,6L-10L,0
10198,2021-05-10,48,Female,Central,Madhya Pradesh,10L-15L,0
10199,2022-01-07,19,Female,West,Maharashtra,3L-6L,0
10200,2023-11-20,32,Male,East,West Bengal,3L-6L,1
10201,2022-02-06,58,Male,North,Haryana,<3L,0
10202,2023-09-22,29,Male,North,Haryana,3L-6L,0
10203,2022-06-27,32,Other,West,Maharashtra,3L-6L,0
10204,2023-02-06,33,Male,West,Maharashtra,3L-6L,0
10205,2022-05-16,26,Male,West,Maharashtra,<3L,0
10206,2021-10-19,25,Male,Central,Chhattisgarh,3L-6L,0
10207,2023-04-17,34,Other,East,Bihar,6L-10L,0
10208,2023-11-28,59,Male,Central,Chhattisgarh,6L-10L,0
10209,2021-10-16,18,Female,West,Maharashtra,15L+,0
10210,2023-05-03,31,Female,South,Kerala,10L-15L,0
10211,2021-10-13,20,Female,Central,Madhya Pradesh,6L-10L,1
10212,2023-02-24,44,Other,North,Haryana,<3L,1
10213,2023-05-14,29,Female,East,Odisha,6L-10L,0
10214,2022-05-08,55,Female,Central,Madhya Pradesh,<3L,0
10215,2023-03-18,45,Male,West,Rajasthan,3L-6L,0
10216,2021-10-26,54,Female,Central,Chhattisgarh,3L-6L,0
10217,2021-03-28,47,Female,North,Punjab,3L-6L,0
10218,2021-04-16,38,Female,East,West Bengal,3L-6L,0
10219,2022-05-05,58,Female,West,Maharashtra,6L-10L,0
10220,2023-09-16,40,Other,West,Rajasthan,10L-15L,0
10221,2021-05-20,62,Female,Central,Madhya Pradesh,10L-15L,0
10222,2022-05-15,64,Female,East,West Bengal,6L-10L,0
10223,2023-02-10,45,Male,West,Rajasthan,6L-10L,0
10224,2021-08-10,49,Male,East,West Bengal,<3L,0
10225,2023-03-02,30,Male,Central,Madhya Pradesh,6L-10L,0
10226,2021-12-02,56,Male,North,Haryana,6L-10L,0
10227,2023-06-05,49,Male,South,Kerala,3L-6L,0
10228,2022-09-27,60,Male,North,Punjab,3L-6L,0
10229,2022-08-22,30,Female,West,Maharashtra,15L+,0
10230,2021-07-13,55,Male,South,Karnataka,6L-10L,0
10231,2022-05-23,40,Female,South,Karnataka,6L-10L,0
10232,2023-07-27,26,Female,Central,Chhattisgarh,6L-10L,0
10233,2021-01-22,26,Male,South,Tamil Nadu,3L-6L,0
10234,2023-04-11,44,Male,North,Delhi,6L-10L,0
10235,2022-06-24,33,Male,North,Haryana,3L-6L,0
10236,2023-02-27,22,Other,South,Kerala,3L-6L,0
10237,2022-12-28,38,Male,Central,Chhattisgarh,6L-10L,0
10238,2022-04-19,48,Female,East,West Bengal,<3L,1
10239,2021-12-04,32,Female,Central,Chhattisgarh,10L-15L,0
10240,2022-11-18,62,Other,South,Karnataka,3L-6L,0
10241,2021-06-03,54,Male,South,Kerala,6L-10L,0
10242,2022-10-02,42,Male,North,Delhi,6L-10L,0
10243,2021-04-14,61,Male,South,Telangana,6L-10L,0
10244,2022-12-13,38,Male,East,West Bengal,6L-10L,0
10245,2022-11-20,24,Male,Central,Chhattisgarh,15L+,0
10246,2021-04-03,19,Female,South,Karnataka,6L-10L,0
10247,2023-04-10,62,Female,West,Rajasthan,6L-10L,1
10248,2022-04-01,63,Female,West,Gujarat,6L-10L,0
10249,2023-05-12,52,Female,South,Tamil Nadu,3L-6L,0
10250,2021-02-15,22,Male,Central,Madhya Pradesh,3L-6L,0
10251,2021-07-16,31,Female,East,Bihar,3L-6L,0
10252,2022-06-25,19,Female,North,Delhi,3L-6L,0
10253,2021-07-26,20,Female,Central,Madhya Pradesh,3L-6L,0
10254,2021-12-28,29,Female,Central,Chhattisgarh,3L-6L,0
10255,2022-12-25,44,Male,North,Delhi,6L-10L,1
10256,2021-06-08,21,Male,Central,Madhya Pradesh,3L-6L,0
10257,2023-01-13,64,Male,Central,Chhattisgarh,10L-15L,0
10258,2021-04-24,39,Male,Central,Chhattisgarh,3L-6L,0
10259,2021-07-11,30,Female,South,Kerala,6L-10L,0
10260,2022-10-06,42,Male,West,Rajasthan,<3L,0
10261,2023-05-19,55,Female,East,West Bengal,6L-10L,1
10262,2021-07-06,32,Female,West,Gujarat,<3L,0
10263,2021-11-25,20,Male,West,Maharashtra,6L-10L,0
10264,2023-10-11,20,Male,West,Rajasthan,3L-6L,0
10265,2023-12-20,58,Female,East,Odisha,15L+,0
10266,2022-09-29,23,Female,West,Maharashtra,3L-6L,0
10267,2022-05-05,47,Male,East,Bihar,6L-10L,0
10268,2022-01-15,36,Male,North,Delhi,3L-6L,0
10269,2022-11-02,54,Female,North,Delhi,6L-10L,1
10270,2022-10-10,20,Male,Central,Chhattisgarh,6L-10L,0
10271,2021-11-19,60,Female,Central,Chhattisgarh,3L-6L,0
10272,2021-01-25,50,Male,East,Bihar,3L-6L,1
10273,2021-06-15,39,Male,North,Punjab,<3L,0
10274,2023-11-16,27,Female,West,Rajasthan,<3L,0
10275,2022-04-03,63,Female,North,Punjab,15L+,1
10276,2022-06-13,32,Female,South,Tamil Nadu,3L-6L,1
10277,2022-05-27,41,Male,South,Tamil Nadu,<3L,0
10278,2023-05-08,36,Other,North,Haryana,15L+,0
10279,2021-03-13,28,Female,Central,Madhya Pradesh,<3L,0
10280,2021-04-01,37,Male,East,Odisha,3L-6L,0
10281,2021-10-30,25,Male,South,Tamil Nadu,6L-10L,1
10282,2022-06-17,18,Male,East,West Bengal,10L-15L,0
10283,2023-01-05,31,Female,North,Punjab,6L-10L,0
10284,2022-06-22,23,Male,East,West Bengal,6L-10L,0
10285,2022-04-29,37,Female,East,Odisha,15L+,0
10286,2023-10-24,58,Male,South,Telangana,<3L,0
10287,2021-06-26,25,Other,Central,Madhya Pradesh,15L+,0
10288,2022-09-19,18,Male,South,Tamil Nadu,10L-15L,0
10289,2022-08-17,23,Female,North,Delhi,10L-15L,0
10290,2022-06-03,41,Male,East,Bihar,3L-6L,0
10291,2023-06-04,30,Male,Central,Madhya Pradesh,<3L,0
10292,2021-10-20,41,Female,South,Kerala,6L-10L,1
10293,2023-11-11,19,Female,North,Delhi,6L-10L,0
10294,2021-12-30,33,Female,Central,Chhattisgarh,6L-10L,0
10295,2022-08-20,37,Male,East,West Bengal,10L-15L,0
10296,2022-07-25,38,Female,North,Haryana,6L-10L,1
10297,2023-07-20,43,Female,West,Maharashtra,3L-6L,0
10298,2022-04-26,54,Female,South,Telangana,3L-6L,0
10299,2021-11-08,39,Male,Central,Madhya Pradesh,<3L,0
10300,2021-01-24,57,Female,South,Tamil Nadu,3L-6L,0
10301,2022-02-03,42,Female,East,Odisha,<3L,0
10302,2023-06-24,30,Other,East,West Bengal,10L-15L,1
10303,2021-01-11,28,Male,South,Tamil Nadu,6L-10L,0
10304,2023-09-09,33,Male,East,Odisha,6L-10L,0
10305,2022-08-18,46,Female,North,Delhi,3L-6L,0
10306,2021-06-03,29,Female,West,Gujarat,6L-10L,0
10307,2021-11-27,60,Female,West,Rajasthan,10L-15L,0
10308,2022-08-30,40,Male,Central,Madhya Pradesh,10L-15L,0
10309,2021-12-12,58,Male,South,Karnataka,6L-10L,0
10310,2021-04-29,50,Female,South,Tamil Nadu,10L-15L,0
10311,2022-12-31,33,Male,East,Odisha,6L-10L,0
10312,2023-01-07,28,Male,West,Maharashtra,6L-10L,0
10313,2021-05-11,52,Female,Central,Madhya Pradesh,10L-15L,0
10314,2021-11-04,33,Female,North,Delhi,3L-6L,0
10315,2021-09-25,29,Female,South,Telangana,3L-6L,0
10316,2022-12-24,61,Male,South,Tamil Nadu,3L-6L,1
10317,2023-03-11,40,Male,South,Telangana,6L-10L,0
10318,2023-03-08,20,Female,East,Bihar,6L-10L,0
10319,2023-10-25,41,Male,Central,Madhya Pradesh,6L-10L,0
10320,2023-04-22,39,Male,North,Delhi,3L-6L,0
10321,2021-12-18,58,Male,Central,Chhattisgarh,3L-6L,0
10322,2021-04-28,51,Female,West,Rajasthan,10L-15L,0
10323,2022-11-05,26,Female,West,Maharashtra,3L-6L,0
10324,2023-10-01,25,Female,West,Rajasthan,10L-15L,0
10325,2023-12-04,46,Female,North,Haryana,3L-6L,0
10326,2021-09-10,20,Male,West,Maharashtra,6L-10L,0
10327,2021-09-16,32,Male,South,Tamil Nadu,6L-10L,0
10328,2021-02-10,24,Male,East,Bihar,10L-15L,0
10329,2021-06-04,18,Male,West,Maharashtra,<3L,0
10330,2022-08-31,61,Male,West,Gujarat,10L-15L,0
10331,2022-08-22,22,Male,South,Tamil Nadu,6L-10L,0
10332,2022-02-11,18,Male,South,Kerala,6L-10L,0
10333,2021-12-06,61,Female,East,West Bengal,6L-10L,1
10334,2023-06-28,26,Female,North,Delhi,<3L,1
10335,2022-05-19,56,Male,West,Maharashtra,6L-10L,0
10336,2023-06-05,19,Female,North,Delhi,3L-6L,0
10337,2023-11-21,25,Female,East,Odisha,3L-6L,0
10338,2021-12-14,23,Female,West,Maharashtra,6L-10L,0
10339,2021-08-10,51,Female,North,Haryana,6L-10L,0
10340,2023-11-10,47,Male,Central,Chhattisgarh,<3L,1
10341,2022-11-27,40,Female,South,Karnataka,<3L,0
10342,2021-11-15,29,Male,North,Haryana,3L-6L,0
10343,2022-11-12,22,Male,West,Gujarat,3L-6L,1
10344,2022-07-18,44,Male,East,Bihar,6L-10L,0
10345,2023-09-19,28,Male,West,Maharashtra,3L-6L,0
10346,2021-10-08,45,Male,West,Rajasthan,10L-15L,0
10347,2023-12-22,50,Male,East,Odisha,3L-6L,0
10348,2023-10-22,57,Female,Central,Chhattisgarh,<3L,0
10349,2021-07-17,41,Male,South,Karnataka,10L-15L,0
10350,2021-06-30,18,Male,East,Bihar,3L-6L,0
10351,2022-08-07,31,Male,North,Punjab,3L-6L,0
10352,2021-02-19,58,Male,West,Maharashtra,15L+,0
10353,2021-11-24,43,Male,South,Tamil Nadu,15L+,0
10354,2022-04-22,47,Male,West,Rajasthan,6L-10L,0
10355,2023-11-28,39,Male,Central,Chhattisgarh,<3L,0
10356,2023-12-23,25,Female,Central,Madhya Pradesh,6L-10L,0
10357,2021-06-15,60,Female,Central,Chhattisgarh,15L+,1
10358,2023-09-04,54,Female,North,Delhi,15L+,0
10359,2021-04-10,64,Female,North,Delhi,<3L,0
10360,2023-03-31,58,Female,Central,Chhattisgarh,3L-6L,0
10361,2023-07-15,31,Other,South,Kerala,3L-6L,0
10362,2023-09-03,29,Female,North,Haryana,<3L,0
10363,2021-09-02,29,Female,South,Telangana,6L-10L,0
10364,2023-09-06,61,Female,Central,Madhya Pradesh,3L-6L,0
10365,2021-05-07,44,Female,South,Telangana,3L-6L,1
10366,2022-07-23,39,Male,North,Punjab,<3L,0
10367,2022-05-30,63,Male,West,Rajasthan,6L-10L,0
10368,2021-12-12,46,Male,North,Delhi,3L-6L,0
10369,2021-01-25,60,Male,South,Tamil Nadu,3L-6L,0
10370,2023-04-26,64,Female,North,Delhi,<3L,0
10371,2022-01-03,21,Male,West,Rajasthan,15L+,0
10372,2022-12-26,34,Female,East,West Bengal,<3L,0
10373,2022-03-26,52,Female,Central,Chhattisgarh,6L-10L,0
10374,2022-02-14,56,Female,South,Kerala,3L-6L,0
10375,2023-08-29,24,Male,South,Tamil Nadu,<3L,0
10376,2021-04-14,32,Male,North,Haryana,3L-6L,0
10377,2023-03-18,43,Female,South,Tamil Nadu,<3L,0
10378,2023-03-29,55,Female,East,West Bengal,<3L,0
10379,2022-02-21,23,Other,North,Punjab,6L-10L,0
10380,2021-10-15,46,Female,East,West Bengal,6L-10L,0
10381,2021-01-06,31,Female,Central,Madhya Pradesh,<3L,0
10382,2023-10-23,28,Male,West,Maharashtra,3L-6L,0
10383,2023-11-04,42,Male,West,Gujarat,6L-10L,0
10384,2021-09-21,37,Male,Central,Madhya Pradesh,3L-6L,0
10385,2021-02-04,47,Female,West,Maharashtra,3L-6L,0
10386,2021-05-15,32,Female,West,Gujarat,<3L,0
10387,2021-03-16,56,Male,Central,Madhya Pradesh,3L-6L,0
10388,2023-06-30,21,Female,North,Haryana,6L-10L,0
10389,2023-09-04,58,Male,Central,Madhya Pradesh,15L+,0
10390,2021-06-17,19,Male,South,Kerala,15L+,0
10391,2023-03-29,52,Male,West,Rajasthan,15L+,0
10392,2021-07-16,34,Male,Central,Madhya Pradesh,3L-6L,0
10393,2022-02-07,36,Female,East,West Bengal,<3L,0
10394,2022-10-19,18,Male,North,Punjab,3L-6L,0
10395,2023-02-28,50,Female,South,Kerala,3L-6L,1
10396,2023-08-16,25,Female,East,West Bengal,<3L,0
10397,2021-02-19,48,Male,Central,Chhattisgarh,<3L,0
10398,2021-08-04,52,Male,Central,Madhya Pradesh,6L-10L,0
10399,2021-11-04,57,Female,East,Odisha,3L-6L,0
10400,2021-12-06,51,Male,Central,Chhattisgarh,3L-6L,0
10401,2023-12-29,32,Female,East,Odisha,6L-10L,0
10402,2023-05-02,52,Male,East,Bihar,3L-6L,0
10403,2021-12-17,56,Female,Central,Madhya Pradesh,10L-15L,0
10404,2023-12-01,32,Female,West,Rajasthan,3L-6L,1
10405,2022-07-01,23,Male,East,Bihar,6L-10L,0
10406,2022-07-03,59,Male,East,Bihar,3L-6L,1
10407,2022-04-20,24,Other,West,Rajasthan,6L-10L,0
10408,2021-06-07,45,Male,West,Gujarat,3L-6L,0
10409,2023-10-21,29,Male,East,Odisha,3L-6L,0
10410,2021-01-16,23,Male,North,Haryana,6L-10L,0
10411,2021-07-10,54,Male,North,Haryana,3L-6L,0
10412,2021-09-09,24,Female,North,Punjab,3L-6L,0
10413,2021-11-02,49,Female,East,West Bengal,10L-15L,0
10414,2021-05-25,50,Male,West,Maharashtra,<3L,1
10415,2021-01-20,20,Female,Central,Madhya Pradesh,6L-10L,0
10416,2023-01-13,26,Male,South,Tamil Nadu,6L-10L,0
10417,2023-11-28,55,Male,West,Maharashtra,3L-6L,0
10418,2021-05-14,41,Female,West,Maharashtra,6L-10L,0
10419,2021-11-21,23,Other,North,Haryana,<3L,0
10420,2022-07-09,64,Male,South,Tamil Nadu,6L-10L,0
10421,2023-10-13,30,Male,South,Kerala,3L-6L,0
10422,2023-01-31,18,Female,Central,Madhya Pradesh,3L-6L,0
10423,2023-04-19,61,Female,Central,Madhya Pradesh,3L-6L,0
10424,2022-09-29,18,Male,Central,Chhattisgarh,10L-15L,1
10425,2022-04-02,44,Male,East,Bihar,10L-15L,0
10426,2021-08-07,64,Female,East,Bihar,15L+,0
10427,2023-08-05,45,Male,South,Telangana,6L-10L,0
10428,2023-05-31,45,Male,West,Gujarat,6L-10L,0
10429,2021-01-28,36,Male,North,Haryana,6L-10L,0
10430,2023-02-23,23,Male,South,Tamil Nadu,10L-15L,0
10431,2021-04-03,44,Male,North,Haryana,6L-10L,0
10432,2023-03-21,60,Female,East,Bihar,3L-6L,0
10433,2023-06-24,22,Female,South,Karnataka,6L-10L,0
10434,2021-05-24,59,Female,North,Punjab,6L-10L,0
10435,2022-04-21,37,Other,South,Kerala,<3L,0
10436,2021-05-16,43,Male,Central,Madhya Pradesh,3L-6L,0
10437,2022-09-14,25,Male,East,Bihar,3L-6L,1
10438,2023-10-13,47,Female,Central,Madhya Pradesh,10L-15L,0
10439,2021-03-30,26,Male,Central,Madhya Pradesh,3L-6L,0
10440,2022-03-12,30,Female,Central,Madhya Pradesh,10L-15L,0
10441,2023-12-02,51,Female,South,Telangana,3L-6L,1
10442,2021-11-26,20,Male,Central,Madhya Pradesh,10L-15L,0
10443,2021-05-25,39,Male,Central,Chhattisgarh,<3L,0
10444,2022-06-19,45,Male,Central,Chhattisgarh,10L-15L,0
10445,2022-07-11,24,Male,South,Tamil Nadu,6L-10L,0
10446,2022-12-27,31,Male,South,Telangana,3L-6L,0
10447,2021-12-10,34,Male,East,West Bengal,3L-6L,0
10448,2023-11-13,49,Female,Central,Chhattisgarh,3L-6L,0
10449,2022-07-25,63,Female,Central,Madhya Pradesh,3L-6L,0
10450,2021-11-10,57,Female,East,West Bengal,6L-10L,0
10451,2023-11-18,26,Male,North,Haryana,15L+,0
10452,2023-10-10,18,Male,East,Bihar,6L-10L,0
10453,2022-07-01,20,Male,West,Rajasthan,6L-10L,0
10454,2021-01-28,45,Male,East,Bihar,3L-6L,0
10455,2022-10-16,25,Female,South,Karnataka,10L-15L,0
10456,2022-08-31,28,Male,South,Tamil Nadu,10L-15L,0
10457,2021-06-12,57,Male,North,Delhi,3L-6L,0
10458,2022-11-26,59,Female,South,Kerala,15L+,0
10459,2023-07-10,57,Male,West,Gujarat,3L-6L,0
10460,2021-04-26,29,Male,South,Karnataka,10L-15L,0
10461,2023-03-04,47,Male,Central,Madhya Pradesh,15L+,0
10462,2021-06-03,46,Female,North,Punjab,6L-10L,1
10463,2023-03-31,26,Female,East,West Bengal,3L-6L,0
10464,2022-04-04,44,Male,East,West Bengal,6L-10L,0
10465,2021-01-08,42,Female,Central,Madhya Pradesh,<3L,0
10466,2023-11-25,36,Female,Central,Chhattisgarh,10L-15L,0
10467,2021-07-01,53,Female,East,Odisha,3L-6L,0
10468,2022-10-15,49,Male,West,Maharashtra,6L-10L,0
10469,2021-07-18,43,Male,West,Gujarat,10L-15L,0
10470,2023-10-19,52,Female,East,West Bengal,3L-6L,0
10471,2023-03-20,53,Male,North,Delhi,3L-6L,0
10472,2023-05-31,44,Female,East,West Bengal,6L-10L,0
10473,2022-04-19,30,Female,South,Karnataka,3L-6L,0
10474,2022-05-27,53,Male,East,Bihar,3L-6L,0
10475,2022-11-26,51,Female,West,Maharashtra,<3L,0
10476,2023-05-10,64,Female,South,Karnataka,3L-6L,0
10477,2023-07-17,25,Female,South,Tamil Nadu,6L-10L,0
10478,2021-01-20,37,Male,Central,Madhya Pradesh,6L-10L,0
10479,2022-12-28,61,Female,South,Kerala,3L-6L,0
10480,2021-04-30,42,Female,North,Delhi,6L-10L,0
10481,2021-11-12,62,Female,West,Gujarat,3L-6L,0
10482,2023-06-28,18,Female,West,Rajasthan,3L-6L,0
10483,2021-10-02,19,Female,Central,Chhattisgarh,6L-10L,0
10484,2023-05-23,55,Male,West,Gujarat,3L-6L,0
10485,2022-05-22,34,Male,Central,Chhattisgarh,6L-10L,0
10486,2021-09-12,42,Male,East,Bihar,10L-15L,1
10487,2022-01-01,38,Female,South,Telangana,6L-10L,0
10488,2022-08-05,37,Female,Central,Madhya Pradesh,6L-10L,1
10489,2023-04-18,62,Female,South,Tamil Nadu,<3L,0
10490,2022-10-26,22,Male,South,Tamil Nadu,3L-6L,0
10491,2023-10-19,54,Female,Central,Chhattisgarh,<3L,0
10492,2023-08-09,59,Female,Central,Chhattisgarh,10L-15L,0
10493,2023-04-05,48,Male,South,Karnataka,10L-15L,0
10494,2022-10-23,36,Female,West,Gujarat,3L-6L,1
10495,2021-11-14,25,Female,Central,Madhya Pradesh,3L-6L,0
10496,2022-03-28,50,Female,West,Rajasthan,3L-6L,0
10497,2021-05-11,40,Male,North,Punjab,6L-10L,0
10498,2022-02-14,25,Female,West,Rajasthan,6L-10L,0
10499,2023-10-12,34,Other,North,Delhi,6L-10L,0
10500,2022-04-12,63,Female,Central,Madhya Pradesh,10L-15L,0
10501,2021-05-05,30,Female,North,Delhi,3L-6L,0
10502,2022-12-15,26,Other,Central,Chhattisgarh,6L-10L,0
10503,2023-11-21,50,Male,North,Punjab,6L-10L,0
10504,2023-08-08,27,Female,East,Odisha,3L-6L,0
10505,2021-10-28,61,Male,South,Karnataka,10L-15L,0
10506,2022-05-13,58,Other,Central,Madhya Pradesh,<3L,0
10507,2022-08-05,64,Male,South,Telangana,6L-10L,0
10508,2021-09-29,60,Male,West,Gujarat,6L-10L,1
10509,2021-10-22,29,Female,North,Haryana,10L-15L,0
10510,2021-09-17,27,Male,East,West Bengal,6L-10L,0
10511,2023-12-26,34,Female,Central,Madhya Pradesh,3L-6L,0
10512,2023-03-28,40,Male,Central,Chhattisgarh,10L-15L,0
10513,2023-07-10,59,Other,South,Tamil Nadu,10L-15L,0
10514,2023-06-14,52,Female,South,Tamil Nadu,6L-10L,0
10515,2023-11-17,48,Male,East,Bihar,10L-15L,0
10516,2021-04-26,59,Female,East,West Bengal,3L-6L,0
10517,2023-08-24,48,Male,East,West Bengal,6L-10L,0
10518,2021-03-14,35,Female,North,Punjab,10L-15L,0
10519,2022-06-05,37,Female,West,Maharashtra,3L-6L,0
10520,2022-10-13,42,Female,South,Tamil Nadu,6L-10L,0
10521,2022-01-27,22,Male,South,Tamil Nadu,15L+,0
10522,2021-06-10,52,Male,Central,Madhya Pradesh,10L-15L,0
10523,2021-07-30,48,Female,West,Maharashtra,10L-15L,0
10524,2023-06-23,52,Female,South,Kerala,3L-6L,0
10525,2021-12-16,43,Female,Central,Madhya Pradesh,15L+,0
10526,2021-12-06,54,Male,South,Tamil Nadu,3L-6L,0
10527,2023-10-09,62,Male,East,West Bengal,6L-10L,0
10528,2021-06-07,44,Female,South,Karnataka,6L-10L,0
10529,2023-09-30,38,Male,North,Haryana,10L-15L,0
10530,2023-10-06,22,Male,East,Odisha,10L-15L,0
10531,2022-10-18,54,Female,East,West Bengal,6L-10L,1
10532,2021-07-01,60,Male,Central,Madhya Pradesh,6L-10L,0
10533,2021-06-20,50,Female,South,Karnataka,3L-6L,1
10534,2021-11-08,58,Male,Central,Madhya Pradesh,6L-10L,0
10535,2022-09-25,58,Female,West,Rajasthan,6L-10L,0
10536,2021-06-18,55,Female,North,Haryana,<3L,0
10537,2022-05-14,41,Female,West,Gujarat,6L-10L,0
10538,2021-05-07,22,Male,East,Bihar,10L-15L,0
10539,2022-08-15,18,Female,South,Karnataka,6L-10L,0
10540,2021-01-24,27,Female,East,West Bengal,10L-15L,0
10541,2023-02-16,38,Male,South,Telangana,3L-6L,0
10542,2021-03-02,52,Male,West,Rajasthan,6L-10L,0
10543,2021-08-02,39,Male,East,West Bengal,<3L,0
10544,2021-07-11,19,Female,East,Odisha,3L-6L,1
10545,2023-06-29,27,Female,South,Tamil Nadu,6L-10L,0
10546,2021-02-28,64,Female,South,Kerala,3L-6L,0
10547,2022-04-16,64,Female,East,Bihar,<3L,0
10548,2022-10-10,35,Female,East,Bihar,6L-10L,1
10549,2022-07-20,55,Male,South,Kerala,3L-6L,1
10550,2023-01-16,51,Male,East,Bihar,3L-6L,0
10551,2023-05-30,61,Female,South,Kerala,3L-6L,0
10552,2022-03-08,59,Male,East,Bihar,6L-10L,1
10553,2023-06-26,47,Female,North,Delhi,3L-6L,0
10554,2021-12-15,36,Female,East,Odisha,6L-10L,1
10555,2023-12-14,47,Male,West,Gujarat,6L-10L,0
10556,2022-07-07,32,Female,Central,Chhattisgarh,<3L,0
10557,2023-03-17,34,Male,West,Maharashtra,10L-15L,1
10558,2023-08-17,46,Other,West,Maharashtra,<3L,0
10559,2023-05-18,44,Female,North,Haryana,6L-10L,1
10560,2023-07-21,45,Female,South,Tamil Nadu,3L-6L,0
10561,2022-08-11,36,Male,West,Gujarat,6L-10L,0
10562,2021-02-17,37,Male,Central,Chhattisgarh,3L-6L,0
10563,2022-06-24,18,Male,East,Odisha,10L-15L,0
10564,2021-07-18,46,Male,Central,Madhya Pradesh,3L-6L,0
10565,2023-09-01,45,Male,South,Tamil Nadu,6L-10L,0
10566,2021-09-17,61,Male,North,Delhi,3L-6L,0
10567,2021-09-07,41,Other,North,Delhi,<3L,0
10568,2021-10-01,39,Male,East,West Bengal,3L-6L,0
10569,2022-12-05,21,Male,West,Maharashtra,6L-10L,0
10570,2022-09-18,27,Female,South,Tamil Nadu,6L-10L,1
10571,2023-11-05,33,Female,West,Rajasthan,15L+,0
10572,2022-04-01,35,Female,West,Gujarat,6L-10L,0
10573,2021-11-06,35,Female,South,Tamil Nadu,15L+,0
10574,2021-02-23,36,Female,South,Kerala,3L-6L,1
10575,2021-01-08,54,Female,West,Maharashtra,10L-15L,0
10576,2022-02-14,24,Female,West,Gujarat,6L-10L,0
10577,2023-10-11,33,Female,North,Delhi,6L-10L,0
10578,2022-07-28,25,Male,South,Tamil Nadu,15L+,0
10579,2023-09-06,32,Male,East,West Bengal,6L-10L,0
10580,2021-04-22,50,Male,East,Odisha,10L-15L,0
10581,2021-04-13,20,Male,North,Punjab,6L-10L,0
10582,2023-07-02,33,Female,Central,Madhya Pradesh,<3L,0
10583,2021-04-27,19,Male,South,Kerala,6L-10L,0
10584,2021-02-26,62,Male,South,Kerala,6L-10L,0
10585,2022-03-19,52,Male,North,Haryana,10L-15L,0
10586,2023-10-10,29,Female,Central,Chhattisgarh,10L-15L,0
10587,2023-01-25,27,Male,South,Kerala,<3L,0
10588,2021-04-19,22,Female,Central,Madhya Pradesh,<3L,0
10589,2023-07-06,40,Female,East,West Bengal,<3L,0
10590,2023-07-13,53,Male,Central,Madhya Pradesh,6L-10L,0
10591,2023-05-27,45,Female,North,Delhi,<3L,0
10592,2023-09-16,59,Male,North,Haryana,6L-10L,0
10593,2021-09-20,34,Male,Central,Madhya Pradesh,6L-10L,0
10594,2023-12-09,31,Female,Central,Chhattisgarh,10L-15L,0
10595,2021-12-18,40,Female,East,Bihar,3L-6L,0
10596,2023-05-29,27,Male,North,Punjab,6L-10L,0
10597,2022-09-27,63,Female,Central,Chhattisgarh,<3L,0
10598,2023-05-04,26,Male,South,Karnataka,10L-15L,0
10599,2022-11-19,40,Female,Central,Madhya Pradesh,3L-6L,0
10600,2022-12-05,42,Female,Central,Madhya Pradesh,<3L,0
10601,2022-11-06,20,Female,Central,Madhya Pradesh,3L-6L,0
10602,2023-05-04,40,Female,West,Rajasthan,10L-15L,0
10603,2023-03-21,39,Male,West,Gujarat,<3L,0
10604,2021-05-28,30,Female,East,West Bengal,6L-10L,0
10605,2023-06-24,24,Female,North,Punjab,6L-10L,0
10606,2022-08-10,20,Female,South,Karnataka,10L-15L,0
10607,2021-12-20,18,Male,West,Rajasthan,3L-6L,0
10608,2022-07-18,40,Male,Central,Chhattisgarh,<3L,0
10609,2023-11-25,22,Male,East,West Bengal,3L-6L,0
10610,2023-07-29,63,Male,West,Rajasthan,3L-6L,0
10611,2023-07-02,29,Male,North,Punjab,6L-10L,0
10612,2022-05-22,48,Male,East,West Bengal,3L-6L,0
10613,2023-05-09,49,Female,East,Bihar,3L-6L,0
10614,2022-02-26,41,Male,Central,Madhya Pradesh,<3L,1
10615,2023-01-22,59,Female,South,Tamil Nadu,6L-10L,0
10616,2022-12-02,23,Female,South,Tamil Nadu,3L-6L,0
10617,2021-10-01,28,Female,South,Karnataka,6L-10L,0
10618,2021-10-19,29,Male,North,Punjab,<3L,0
10619,2021-03-08,24,Female,East,West Bengal,15L+,0
10620,2021-06-03,31,Female,West,Maharashtra,6L-10L,0
10621,2022-04-20,32,Female,Central,Madhya Pradesh,3L-6L,0
10622,2022-06-08,53,Female,Central,Chhattisgarh,<3L,1
10623,2021-06-30,32,Female,North,Haryana,3L-6L,1
10624,2022-04-02,59,Female,South,Telangana,3L-6L,0
10625,2022-10-24,54,Female,South,Kerala,3L-6L,0
10626,2021-09-12,60,Male,South,Kerala,10L-15L,0
10627,2022-01-06,22,Female,Central,Chhattisgarh,6L-10L,0
10628,2022-02-07,64,Female,North,Punjab,3L-6L,0
10629,2022-07-08,46,Female,North,Punjab,6L-10L,0
10630,2022-02-06,64,Female,Central,Madhya Pradesh,3L-6L,0
10631,2023-03-18,34,Male,Central,Madhya Pradesh,15L+,0
10632,2021-12-25,62,Other,South,Tamil Nadu,<3L,0
10633,2022-04-21,45,Male,South,Tamil Nadu,6L-10L,0
10634,2022-02-20,21,Male,East,Bihar,10L-15L,0
10635,2021-07-20,37,Male,East,Bihar,<3L,0
10636,2023-01-21,24,Male,Central,Madhya Pradesh,3L-6L,0
10637,2021-09-15,62,Male,East,West Bengal,3L-6L,0
10638,2021-11-22,32,Male,North,Delhi,10L-15L,0
10639,2023-05-19,28,Female,East,Bihar,6L-10L,0
10640,2023-11-05,43,Female,East,West Bengal,6L-10L,0
10641,2023-01-05,37,Male,East,West Bengal,10L-15L,0
10642,2023-10-01,22,Female,East,West Bengal,10L-15L,0
10643,2023-07-25,56,Male,Central,Chhattisgarh,6L-10L,0
10644,2022-06-11,57,Female,Central,Madhya Pradesh,6L-10L,0
10645,2023-04-24,52,Male,South,Telangana,6L-10L,0
10646,2021-12-26,46,Female,South,Kerala,3L-6L,1
10647,2022-05-20,36,Male,West,Maharashtra,10L-15L,0
10648,2022-08-10,43,Female,East,Bihar,<3L,1
10649,2023-11-18,42,Male,East,Odisha,3L-6L,0
10650,2023-07-19,25,Female,North,Punjab,10L-15L,0
10651,2022-06-20,21,Male,South,Tamil Nadu,3L-6L,0
10652,2022-12-16,29,Female,West,Rajasthan,<3L,0
10653,2021-08-10,39,Female,Central,Chhattisgarh,3L-6L,0
10654,2023-05-31,25,Female,West,Gujarat,6L-10L,1
10655,2022-08-29,23,Female,South,Tamil Nadu,10L-15L,0
10656,2022-08-07,58,Other,North,Haryana,<3L,0
10657,2023-04-20,35,Male,North,Haryana,<3L,0
10658,2022-11-25,45,Male,South,Kerala,6L-10L,0
10659,2021-03-21,42,Male,East,Odisha,15L+,0
10660,2021-11-12,52,Male,Central,Madhya Pradesh,3L-6L,0
10661,2021-07-13,52,Female,Central,Madhya Pradesh,15L+,0
10662,2023-03-16,31,Other,North,Haryana,10L-15L,0
10663,2021-02-08,57,Other,West,Gujarat,3L-6L,0
10664,2021-08-10,35,Female,South,Karnataka,10L-15L,0
10665,2022-10-17,57,Female,North,Haryana,6L-10L,0
10666,2023-01-31,37,Female,East,West Bengal,6L-10L,0
10667,2022-07-06,23,Female,North,Delhi,3L-6L,0
10668,2023-08-01,53,Male,South,Tamil Nadu,10L-15L,0
10669,2023-10-04,19,Female,East,Odisha,10L-15L,0
10670,2021-05-25,54,Female,South,Karnataka,10L-15L,0
10671,2023-11-09,20,Male,East,West Bengal,15L+,0
10672,2022-11-04,27,Male,East,Odisha,6L-10L,0
10673,2022-11-28,46,Other,West,Gujarat,10L-15L,1
10674,2021-04-15,62,Other,North,Punjab,10L-15L,0
10675,2022-11-12,37,Female,North,Punjab,3L-6L,0
10676,2023-03-06,23,Female,East,Bihar,<3L,0
10677,2022-09-28,28,Male,South,Telangana,3L-6L,1
10678,2021-04-03,60,Male,West,Maharashtra,10L-15L,0
10679,2022-07-27,52,Female,North,Haryana,3L-6L,0
10680,2023-10-22,22,Female,East,Odisha,6L-10L,0
10681,2023-03-04,36,Female,Central,Madhya Pradesh,<3L,0
10682,2021-05-31,30,Female,North,Punjab,3L-6L,0
10683,2023-11-18,26,Male,South,Kerala,6L-10L,0
10684,2023-11-16,57,Female,Central,Chhattisgarh,<3L,0
10685,2021-07-05,47,Male,East,Odisha,10L-15L,0
10686,2023-05-27,26,Male,North,Delhi,3L-6L,0
10687,2022-03-22,48,Male,South,Tamil Nadu,10L-15L,0
10688,2022-10-13,37,Male,West,Maharashtra,3L-6L,0
10689,2022-05-03,20,Female,Central,Chhattisgarh,15L+,0
10690,2023-05-07,39,Male,South,Kerala,6L-10L,0
10691,2023-12-28,26,Male,East,Odisha,<3L,0
10692,2023-05-21,29,Female,West,Rajasthan,<3L,0
10693,2023-10-17,59,Female,North,Haryana,<3L,0
10694,2023-11-02,51,Male,South,Telangana,6L-10L,0
10695,2021-04-09,24,Male,West,Maharashtra,10L-15L,1
10696,2021-10-05,58,Male,North,Punjab,3L-6L,0
10697,2023-03-02,44,Female,West,Rajasthan,3L-6L,0
10698,2022-10-09,59,Male,East,Bihar,6L-10L,0
10699,2021-02-24,53,Male,Central,Madhya Pradesh,6L-10L,0
10700,2021-04-15,33,Male,North,Punjab,6L-10L,0
10701,2022-07-24,43,Female,Central,Chhattisgarh,6L-10L,0
10702,2022-11-06,42,Male,South,Tamil Nadu,6L-10L,0
10703,2021-07-03,51,Female,North,Punjab,15L+,0
10704,2021-07-07,29,Male,West,Maharashtra,3L-6L,0
10705,2021-05-22,33,Female,East,Bihar,<3L,1
10706,2022-09-11,29,Male,Central,Madhya Pradesh,<3L,0
10707,2021-01-09,31,Male,North,Delhi,6L-10L,0
10708,2022-09-19,25,Male,North,Delhi,3L-6L,0
10709,2022-06-06,19,Female,East,West Bengal,15L+,0
10710,2022-05-26,62,Female,Central,Madhya Pradesh,6L-10L,0
10711,2023-01-14,21,Male,East,West Bengal,6L-10L,0
10712,2022-07-27,59,Male,West,Gujarat,10L-15L,0
10713,2023-03-08,18,Female,Central,Chhattisgarh,3L-6L,0
10714,2023-04-17,54,Female,Central,Chhattisgarh,10L-15L,0
10715,2023-10-05,33,Male,East,Bihar,<3L,0
10716,2023-05-26,42,Male,West,Gujarat,6L-10L,0
10717,2022-07-21,31,Female,East,Odisha,15L+,0
10718,2022-06-23,41,Female,West,Rajasthan,10L-15L,0
10719,2021-09-16,39,Female,East,West Bengal,10L-15L,0
10720,2022-10-19,42,Female,East,Bihar,3L-6L,0
10721,2021-06-02,36,Female,East,Bihar,10L-15L,0
10722,2023-10-17,43,Male,West,Maharashtra,6L-10L,0
10723,2023-07-15,56,Male,West,Maharashtra,6L-10L,0
10724,2021-05-12,38,Male,Central,Madhya Pradesh,<3L,0
10725,2023-05-11,34,Male,West,Maharashtra,3L-6L,0
10726,2021-05-09,24,Male,North,Punjab,6L-10L,0
10727,2023-03-01,34,Male,East,Bihar,<3L,0
10728,2021-04-07,23,Female,South,Kerala,6L-10L,0
10729,2022-06-19,26,Male,North,Delhi,10L-15L,0
10730,2022-12-22,62,Male,North,Delhi,10L-15L,0
10731,2023-03-10,22,Female,East,Bihar,<3L,0
10732,2022-04-04,40,Female,Central,Madhya Pradesh,15L+,0
10733,2023-10-07,57,Female,East,Odisha,<3L,0
10734,2023-04-28,62,Female,East,Bihar,6L-10L,0
10735,2021-08-17,24,Female,North,Delhi,10L-15L,0
10736,2023-01-05,25,Male,West,Gujarat,<3L,0
10737,2023-03-11,35,Male,North,Punjab,<3L,0
10738,2022-01-01,44,Female,Central,Madhya Pradesh,<3L,0
10739,2023-03-20,63,Male,Central,Madhya Pradesh,6L-10L,0
10740,2023-09-11,27,Male,Central,Madhya Pradesh,10L-15L,0
10741,2023-06-14,25,Male,South,Tamil Nadu,<3L,0
10742,2023-04-15,29,Male,North,Haryana,<3L,1
10743,2022-11-26,59,Male,South,Kerala,6L-10L,0
10744,2021-10-24,19,Male,West,Maharashtra,3L-6L,0
10745,2023-05-21,35,Female,South,Telangana,6L-10L,0
10746,2022-02-03,23,Female,Central,Chhattisgarh,15L+,1
10747,2022-08-06,25,Male,North,Delhi,10L-15L,0
10748,2021-12-11,61,Female,North,Delhi,10L-15L,0
10749,2021-12-09,18,Male,South,Karnataka,6L-10L,0
10750,2021-06-22,33,Female,West,Gujarat,10L-15L,0
10751,2023-11-19,61,Female,West,Rajasthan,3L-6L,0
10752,2021-06-11,46,Male,South,Karnataka,<3L,0
10753,2021-04-05,21,Female,West,Gujarat,6L-10L,0
10754,2023-10-23,39,Other,West,Maharashtra,<3L,0
10755,2022-08-31,63,Female,East,Odisha,10L-15L,0
10756,2022-04-25,36,Other,East,Bihar,6L-10L,0
10757,2023-03-19,42,Female,North,Punjab,15L+,0
10758,2022-02-24,42,Male,South,Karnataka,3L-6L,1
10759,2021-05-21,49,Female,East,West Bengal,6L-10L,0
10760,2023-03-11,26,Female,North,Haryana,6L-10L,0
10761,2021-07-12,57,Female,East,West Bengal,3L-6L,1
10762,2022-08-29,64,Male,North,Delhi,6L-10L,0
10763,2023-11-06,24,Female,West,Maharashtra,6L-10L,0
10764,2023-10-23,56,Male,North,Haryana,15L+,0
10765,2022-01-31,56,Female,North,Punjab,6L-10L,0
10766,2023-05-05,52,Male,West,Rajasthan,<3L,0
10767,2022-11-02,35,Female,South,Kerala,6L-10L,0
10768,2022-06-09,40,Female,South,Kerala,6L-10L,0
10769,2021-06-03,57,Male,South,Kerala,<3L,0
10770,2022-02-17,25,Female,South,Tamil Nadu,3L-6L,1
10771,2022-12-15,56,Male,West,Gujarat,3L-6L,0
10772,2023-12-17,61,Other,West,Rajasthan,<3L,0
10773,2021-01-06,50,Female,South,Telangana,6L-10L,0
10774,2023-02-25,34,Male,West,Gujarat,3L-6L,0
10775,2023-07-16,44,Male,West,Rajasthan,6L-10L,0
10776,2023-11-08,20,Male,East,Bihar,3L-6L,0
10777,2022-04-10,61,Male,East,Odisha,6L-10L,0
10778,2021-05-10,34,Female,Central,Madhya Pradesh,3L-6L,0
10779,2021-10-24,20,Female,East,West Bengal,10L-15L,0
10780,2023-07-21,55,Male,South,Karnataka,<3L,0
10781,2023-08-20,48,Female,East,Bihar,6L-10L,0
10782,2022-11-29,47,Male,Central,Madhya Pradesh,3L-6L,0
10783,2021-05-15,20,Female,West,Gujarat,3L-6L,0
10784,2021-05-14,53,Male,North,Haryana,6L-10L,0
10785,2022-06-08,47,Female,East,West Bengal,10L-15L,0
10786,2022-10-07,55,Female,West,Rajasthan,10L-15L,0
10787,2021-02-05,56,Male,South,Kerala,3L-6L,0
10788,2023-01-22,27,Female,Central,Madhya Pradesh,3L-6L,0
10789,2022-08-20,27,Other,Central,Madhya Pradesh,6L-10L,0
10790,2021-01-14,61,Male,Central,Chhattisgarh,6L-10L,0
10791,2021-04-15,42,Male,North,Haryana,3L-6L,0
10792,2022-05-13,38,Female,East,Bihar,10L-15L,0
10793,2023-03-03,31,Male,East,Bihar,6L-10L,0
10794,2023-06-23,48,Male,West,Maharashtra,6L-10L,0
10795,2022-04-18,53,Male,Central,Chhattisgarh,3L-6L,0
10796,2021-11-20,18,Female,South,Tamil Nadu,3L-6L,0
10797,2023-11-27,43,Male,East,West Bengal,3L-6L,0
10798,2022-05-18,64,Male,West,Rajasthan,10L-15L,0
10799,2021-12-12,31,Female,West,Gujarat,3L-6L,0
10800,2022-04-30,31,Female,West,Gujarat,10L-15L,0
10801,2021-01-14,59,Female,South,Telangana,10L-15L,0
10802,2021-11-27,20,Male,Central,Madhya Pradesh,6L-10L,0
10803,2022-07-19,36,Female,North,Punjab,<3L,0
10804,2023-10-03,39,Female,East,Bihar,3L-6L,0
10805,2023-03-20,55,Male,West,Gujarat,6L-10L,0
10806,2023-05-06,24,Female,North,Punjab,6L-10L,0
10807,2022-08-20,38,Female,East,Odisha,10L-15L,0
10808,2021-05-02,25,Male,East,Bihar,3L-6L,0
10809,2022-03-05,55,Male,West,Maharashtra,10L-15L,0
10810,2023-12-28,47,Female,North,Haryana,3L-6L,0
10811,2021-02-18,41,Male,South,Telangana,3L-6L,0
10812,2023-08-21,36,Male,South,Telangana,<3L,0
10813,2023-01-20,25,Male,West,Gujarat,6L-10L,0
10814,2021-11-07,61,Male,South,Kerala,3L-6L,0
10815,2023-05-02,48,Male,East,Odisha,3L-6L,0
10816,2023-07-06,33,Female,West,Maharashtra,10L-15L,0
10817,2021-02-17,37,Male,West,Rajasthan,6L-10L,0
10818,2021-04-27,52,Male,North,Punjab,<3L,0
10819,2022-12-30,51,Female,Central,Chhattisgarh,<3L,0
10820,2023-12-31,39,Male,North,Delhi,6L-10L,0
10821,2021-01-27,32,Female,North,Haryana,3L-6L,1
10822,2022-12-30,49,Male,North,Punjab,3L-6L,0
10823,2021-05-30,48,Male,South,Telangana,6L-10L,0
10824,2022-12-13,46,Male,Central,Madhya Pradesh,3L-6L,0
10825,2022-11-14,21,Male,South,Kerala,6L-10L,0
10826,2021-04-10,40,Male,West,Gujarat,3L-6L,0
10827,2023-01-16,46,Female,East,Odisha,3L-6L,1
10828,2023-09-10,62,Male,North,Delhi,<3L,0
10829,2023-08-04,42,Female,East,Odisha,3L-6L,0
10830,2021-02-01,34,Female,North,Delhi,<3L,0
10831,2021-09-27,44,Male,East,Odisha,3L-6L,0
10832,2021-09-21,26,Female,East,West Bengal,10L-15L,0
10833,2022-05-12,22,Male,East,Odisha,10L-15L,0
10834,2021-06-06,49,Male,South,Kerala,3L-6L,0
10835,2023-07-25,64,Male,West,Maharashtra,6L-10L,0
10836,2023-05-01,57,Female,East,Bihar,6L-10L,0
10837,2023-06-05,45,Female,South,Kerala,10L-15L,0
10838,2021-08-06,19,Male,East,West Bengal,3L-6L,0
10839,2021-01-16,64,Female,North,Delhi,3L-6L,0
10840,2023-09-25,39,Female,Central,Chhattisgarh,3L-6L,0
10841,2021-11-13,31,Male,West,Maharashtra,<3L,0
10842,2022-12-20,59,Female,South,Telangana,3L-6L,0
10843,2023-09-23,53,Female,West,Gujarat,10L-15L,0
10844,2021-02-09,53,Female,West,Gujarat,10L-15L,0
10845,2021-01-06,31,Other,West,Maharashtra,<3L,0
10846,2021-01-06,64,Male,North,Punjab,6L-10L,0
10847,2021-06-21,39,Male,Central,Madhya Pradesh,3L-6L,0
10848,2021-02-26,42,Female,Central,Madhya Pradesh,6L-10L,0
10849,2023-06-17,53,Male,Central,Madhya Pradesh,6L-10L,0
10850,2022-10-26,49,Male,Central,Madhya Pradesh,<3L,1
10851,2023-12-10,26,Other,Central,Madhya Pradesh,10L-15L,0
10852,2023-05-28,32,Male,West,Gujarat,15L+,0
10853,2023-11-21,34,Male,North,Haryana,6L-10L,0
10854,2021-09-19,62,Female,East,West Bengal,6L-10L,0
10855,2021-11-12,51,Male,South,Telangana,6L-10L,0
10856,2023-07-20,35,Male,South,Telangana,3L-6L,0
10857,2021-09-26,52,Other,Central,Chhattisgarh,<3L,0
10858,2021-03-04,52,Male,Central,Chhattisgarh,6L-10L,0
10859,2023-01-03,36,Male,East,Odisha,<3L,0
10860,2023-05-28,36,Male,West,Rajasthan,10L-15L,0
10861,2023-11-27,60,Female,North,Haryana,3L-6L,0
10862,2023-10-13,44,Male,South,Kerala,3L-6L,1
10863,2021-05-12,25,Female,Central,Madhya Pradesh,3L-6L,0
10864,2023-04-26,51,Male,East,Odisha,15L+,0
10865,2023-07-16,45,Male,East,Bihar,3L-6L,0
10866,2023-02-04,41,Female,East,Bihar,3L-6L,0
10867,2023-06-17,52,Female,South,Karnataka,3L-6L,0
10868,2023-07-07,60,Other,Central,Madhya Pradesh,6L-10L,0
10869,2022-05-04,33,Male,West,Rajasthan,15L+,0
10870,2021-02-13,37,Female,West,Maharashtra,3L-6L,0
10871,2022-05-15,26,Female,South,Tamil Nadu,10L-15L,0
10872,2021-08-09,48,Male,West,Gujarat,3L-6L,0
10873,2021-05-05,36,Male,Central,Chhattisgarh,6L-10L,0
10874,2021-05-17,34,Female,West,Maharashtra,<3L,0
10875,2023-02-03,50,Male,East,Odisha,6L-10L,1
10876,2022-07-07,37,Female,South,Karnataka,6L-10L,0
10877,2022-08-15,39,Other,East,Odisha,6L-10L,0
10878,2023-03-27,38,Male,South,Tamil Nadu,3L-6L,0
10879,2022-08-24,30,Male,West,Gujarat,10L-15L,0
10880,2022-11-21,23,Male,North,Punjab,15L+,0
10881,2021-04-05,56,Male,North,Delhi,6L-10L,0
10882,2023-07-21,22,Male,West,Maharashtra,6L-10L,0
10883,2022-05-07,33,Female,South,Telangana,10L-15L,0
10884,2021-06-19,49,Male,East,West Bengal,3L-6L,0
10885,2023-06-10,24,Female,East,West Bengal,10L-15L,0
10886,2023-03-16,48,Male,East,West Bengal,3L-6L,0
10887,2021-02-28,52,Male,West,Rajasthan,10L-15L,0
10888,2021-07-31,49,Male,South,Karnataka,<3L,0
10889,2021-01-18,32,Female,West,Maharashtra,3L-6L,0
10890,2021-10-24,18,Male,South,Telangana,6L-10L,0
10891,2021-04-20,59,Male,South,Tamil Nadu,6L-10L,0
10892,2023-02-17,33,Female,East,Odisha,10L-15L,0
10893,2022-07-27,55,Female,Central,Madhya Pradesh,15L+,0
10894,2023-12-10,27,Male,South,Kerala,<3L,0
10895,2023-04-01,25,Female,East,Bihar,3L-6L,0
10896,2022-11-01,54,Male,North,Haryana,3L-6L,0
10897,2022-07-12,62,Male,North,Delhi,6L-10L,0
10898,2021-03-01,58,Female,West,Maharashtra,6L-10L,0
10899,2021-03-18,53,Male,West,Rajasthan,10L-15L,0
10900,2022-11-06,29,Male,South,Telangana,10L-15L,0
10901,2021-01-05,60,Female,West,Maharashtra,<3L,0
10902,2021-02-16,49,Male,South,Kerala,6L-10L,0
10903,2021-08-28,26,Female,South,Telangana,6L-10L,0
10904,2023-08-27,24,Female,East,Odisha,6L-10L,0
10905,2022-05-18,58,Female,South,Kerala,<3L,1
10906,2023-02-16,30,Female,Central,Madhya Pradesh,3L-6L,0
10907,2022-03-27,53,Female,East,West Bengal,3L-6L,0
10908,2021-07-09,24,Other,South,Tamil Nadu,3L-6L,0
10909,2022-02-11,31,Male,East,West Bengal,10L-15L,1
10910,2021-04-11,31,Male,West,Rajasthan,3L-6L,0
10911,2023-04-24,31,Female,South,Kerala,6L-10L,1
10912,2021-07-20,49,Female,Central,Chhattisgarh,6L-10L,0
10913,2022-02-17,60,Male,East,West Bengal,10L-15L,0
10914,2023-12-10,60,Female,West,Rajasthan,<3L,0
10915,2022-10-11,52,Male,Central,Madhya Pradesh,<3L,0
10916,2022-05-18,27,Female,East,Bihar,3L-6L,0
10917,2022-08-18,63,Male,North,Delhi,3L-6L,0
10918,2023-05-09,43,Male,West,Maharashtra,3L-6L,0
10919,2021-10-06,43,Male,North,Delhi,10L-15L,0
10920,2022-11-28,50,Male,East,Bihar,3L-6L,0
10921,2023-08-14,54,Male,Central,Madhya Pradesh,<3L,0
10922,2022-09-19,62,Male,East,Odisha,3L-6L,0
10923,2022-05-04,45,Male,West,Gujarat,10L-15L,0
10924,2021-06-08,46,Male,East,Bihar,10L-15L,0
10925,2021-09-29,53,Male,South,Karnataka,6L-10L,0
10926,2023-11-02,29,Male,South,Tamil Nadu,6L-10L,0
10927,2022-08-16,32,Male,East,Odisha,6L-10L,0
10928,2021-11-26,47,Male,North,Delhi,6L-10L,0
10929,2022-04-04,21,Male,East,Bihar,3L-6L,0
10930,2022-09-25,33,Male,East,Bihar,6L-10L,0
10931,2022-08-12,51,Male,Central,Madhya Pradesh,10L-15L,0
10932,2023-02-06,63,Female,North,Haryana,3L-6L,0
10933,2021-10-09,42,Other,Central,Madhya Pradesh,6L-10L,0
10934,2022-12-12,36,Female,East,Odisha,6L-10L,0
10935,2022-04-30,38,Female,West,Gujarat,6L-10L,0
10936,2023-10-27,50,Female,East,West Bengal,<3L,0
10937,2021-06-22,43,Male,South,Karnataka,6L-10L,0
10938,2021-06-12,19,Female,Central,Madhya Pradesh,10L-15L,0
10939,2022-05-21,43,Female,South,Telangana,<3L,0
10940,2022-07-11,36,Female,North,Haryana,3L-6L,0
10941,2023-01-27,50,Female,West,Rajasthan,<3L,0
10942,2022-03-19,59,Male,West,Gujarat,<3L,0
10943,2023-09-28,63,Female,Central,Chhattisgarh,15L+,0
10944,2022-06-04,46,Female,East,Odisha,6L-10L,0
10945,2021-05-22,35,Male,North,Haryana,3L-6L,0
10946,2021-05-11,38,Female,North,Punjab,3L-6L,0
10947,2023-12-02,26,Male,East,Odisha,15L+,0
10948,2021-05-27,61,Other,South,Karnataka,3L-6L,1
10949,2023-11-04,57,Female,Central,Madhya Pradesh,6L-10L,0
10950,2021-11-01,58,Male,North,Punjab,3L-6L,0
10951,2021-04-13,33,Female,Central,Chhattisgarh,<3L,0
10952,2021-11-30,33,Male,South,Karnataka,6L-10L,0
10953,2022-11-05,58,Female,North,Haryana,<3L,0
10954,2022-04-14,43,Female,South,Telangana,6L-10L,1
10955,2023-05-11,51,Female,North,Punjab,3L-6L,0
10956,2022-11-01,41,Female,East,Bihar,6L-10L,0
10957,2022-03-15,38,Male,South,Tamil Nadu,10L-15L,0
10958,2022-11-26,47,Male,East,Bihar,6L-10L,1
10959,2023-11-30,56,Male,East,West Bengal,<3L,0
10960,2022-03-27,33,Male,North,Punjab,6L-10L,0
10961,2021-06-18,56,Male,North,Delhi,15L+,0
10962,2022-03-24,29,Male,North,Punjab,3L-6L,0
10963,2023-07-09,36,Male,North,Punjab,3L-6L,0
10964,2021-08-27,60,Male,North,Haryana,10L-15L,0
10965,2023-11-06,62,Female,South,Tamil Nadu,3L-6L,0
10966,2022-10-07,61,Male,East,Bihar,6L-10L,0
10967,2022-10-21,32,Female,South,Telangana,10L-15L,0
10968,2021-12-14,57,Male,South,Kerala,<3L,0
10969,2023-10-05,61,Male,East,Odisha,6L-10L,0
10970,2021-02-09,63,Female,East,Bihar,6L-10L,0
10971,2021-11-24,18,Male,South,Tamil Nadu,3L-6L,0
10972,2022-04-04,53,Male,South,Kerala,10L-15L,0
10973,2022-06-07,64,Female,East,West Bengal,3L-6L,0
10974,2022-06-04,53,Male,North,Haryana,3L-6L,0
10975,2021-06-11,28,Male,East,West Bengal,10L-15L,1
10976,2021-09-05,53,Female,Central,Chhattisgarh,3L-6L,0
10977,2021-04-15,22,Male,South,Telangana,10L-15L,0
10978,2022-09-19,40,Female,North,Delhi,<3L,0
10979,2022-01-20,47,Male,West,Gujarat,6L-10L,0
10980,2022-09-12,39,Other,North,Punjab,<3L,0
10981,2022-10-08,50,Female,North,Delhi,6L-10L,0
10982,2023-02-08,29,Other,North,Punjab,10L-15L,0
10983,2022-08-23,46,Female,Central,Chhattisgarh,10L-15L,0
10984,2022-12-11,48,Male,Central,Madhya Pradesh,15L+,0
10985,2022-10-05,47,Female,East,Bihar,6L-10L,1
10986,2022-12-16,31,Male,West,Rajasthan,10L-15L,1
10987,2022-11-07,32,Female,West,Gujarat,6L-10L,1
10988,2021-12-13,30,Female,West,Gujarat,10L-15L,0
10989,2021-09-27,39,Male,East,Odisha,6L-10L,0
10990,2023-05-13,45,Female,Central,Madhya Pradesh,10L-15L,1
10991,2022-01-11,35,Male,West,Gujarat,3L-6L,0
10992,2022-08-25,37,Female,North,Haryana,6L-10L,0
10993,2021-08-04,31,Female,South,Tamil Nadu,6L-10L,0
10994,2022-04-18,28,Male,Central,Chhattisgarh,3L-6L,0
10995,2022-08-03,48,Female,East,Bihar,3L-6L,0
10996,2022-11-17,56,Female,South,Telangana,15L+,0
10997,2022-07-31,31,Male,Central,Madhya Pradesh,3L-6L,0
10998,2022-01-30,58,Female,West,Gujarat,3L-6L,1
10999,2023-11-20,44,Male,East,Odisha,3L-6L,0
11000,2022-07-16,25,Female,East,Bihar,3L-6L,0
11001,2023-06-05,35,Male,North,Haryana,6L-10L,0
11002,2023-03-18,18,Female,South,Karnataka,10L-15L,0
11003,2022-09-04,19,Female,East,Bihar,15L+,0
11004,2023-08-29,33,Male,Central,Chhattisgarh,6L-10L,0
11005,2021-05-21,39,Male,South,Karnataka,6L-10L,0
11006,2023-10-06,55,Female,North,Delhi,3L-6L,0
11007,2023-07-20,24,Female,East,Odisha,10L-15L,0
11008,2022-07-06,57,Male,Central,Chhattisgarh,3L-6L,0
11009,2023-03-15,29,Male,East,Bihar,<3L,0
11010,2022-07-24,24,Male,South,Kerala,15L+,0
11011,2021-10-22,50,Other,West,Maharashtra,10L-15L,0
11012,2023-05-26,54,Male,West,Gujarat,3L-6L,0
11013,2021-09-27,46,Female,South,Kerala,6L-10L,0
11014,2021-12-11,23,Female,Central,Madhya Pradesh,6L-10L,0
11015,2022-07-23,23,Female,East,Odisha,3L-6L,0
11016,2023-07-06,36,Male,North,Haryana,3L-6L,0
11017,2022-02-25,39,Male,East,Odisha,<3L,1
11018,2022-06-26,64,Female,Central,Chhattisgarh,6L-10L,0
11019,2021-02-15,31,Female,South,Karnataka,3L-6L,0
11020,2021-05-07,27,Male,East,West Bengal,6L-10L,0
11021,2021-03-03,62,Male,West,Gujarat,3L-6L,0
11022,2021-03-20,25,Male,West,Rajasthan,15L+,0
11023,2023-08-10,19,Male,Central,Chhattisgarh,6L-10L,0
11024,2023-07-11,37,Male,North,Haryana,10L-15L,0
11025,2023-06-19,36,Female,East,West Bengal,<3L,0
11026,2021-03-02,47,Male,East,Bihar,6L-10L,0
11027,2021-03-27,59,Female,North,Delhi,10L-15L,0
11028,2021-11-04,61,Male,West,Rajasthan,3L-6L,0
11029,2022-09-11,31,Male,North,Punjab,3L-6L,0
11030,2022-01-01,64,Female,East,Bihar,3L-6L,0
11031,2022-06-18,47,Male,South,Telangana,3L-6L,0
11032,2021-07-09,21,Female,North,Haryana,3L-6L,0
11033,2023-03-12,62,Male,Central,Chhattisgarh,3L-6L,0
11034,2021-12-10,24,Female,South,Kerala,3L-6L,0
11035,2021-03-14,45,Female,South,Telangana,6L-10L,0
11036,2023-03-25,55,Female,Central,Madhya Pradesh,<3L,0
11037,2023-09-16,29,Male,Central,Madhya Pradesh,3L-6L,0
11038,2021-01-17,30,Male,North,Punjab,6L-10L,0
11039,2022-04-24,40,Male,South,Telangana,3L-6L,1
11040,2023-06-25,59,Female,West,Rajasthan,3L-6L,0
11041,2023-02-13,28,Male,West,Gujarat,3L-6L,0
11042,2023-07-27,49,Male,Central,Chhattisgarh,<3L,0
11043,2022-03-31,39,Male,East,Odisha,6L-10L,0
11044,2022-02-12,23,Male,North,Haryana,<3L,1
11045,2023-02-16,51,Male,Central,Chhattisgarh,3L-6L,0
11046,2021-06-18,57,Male,North,Delhi,15L+,0
11047,2021-09-20,45,Male,North,Punjab,10L-15L,1
11048,2022-10-20,26,Female,West,Gujarat,3L-6L,0
11049,2023-01-02,25,Male,West,Rajasthan,3L-6L,1
11050,2021-05-12,37,Male,North,Punjab,6L-10L,0
11051,2022-07-11,41,Female,North,Haryana,10L-15L,0
11052,2022-02-04,43,Female,East,Odisha,10L-15L,0
11053,2022-07-04,29,Male,South,Kerala,<3L,0
11054,2023-11-16,41,Female,West,Maharashtra,<3L,0
11055,2021-03-25,31,Other,East,Bihar,3L-6L,0
11056,2023-12-27,50,Female,East,West Bengal,10L-15L,0
11057,2022-05-08,55,Female,East,Odisha,10L-15L,0
11058,2023-04-26,48,Female,South,Telangana,<3L,1
11059,2022-04-10,18,Male,South,Telangana,6L-10L,0
11060,2021-12-07,64,Male,West,Gujarat,3L-6L,0
11061,2023-04-24,19,Female,East,Odisha,6L-10L,0
11062,2023-01-23,64,Other,East,West Bengal,10L-15L,0
11063,2021-06-07,19,Male,East,Bihar,6L-10L,0
11064,2023-02-12,42,Male,South,Tamil Nadu,<3L,0
11065,2023-04-05,22,Female,Central,Madhya Pradesh,6L-10L,0
11066,2022-03-01,22,Male,East,Odisha,3L-6L,0
11067,2023-10-11,50,Female,West,Maharashtra,10L-15L,0
11068,2022-12-03,52,Female,Central,Madhya Pradesh,3L-6L,0
11069,2022-01-01,23,Female,Central,Chhattisgarh,10L-15L,0
11070,2021-01-12,63,Female,West,Rajasthan,3L-6L,0
11071,2023-01-10,33,Female,West,Maharashtra,3L-6L,0
11072,2021-08-17,32,Female,East,Bihar,3L-6L,0
11073,2023-04-09,31,Female,West,Gujarat,<3L,0
11074,2022-07-29,39,Female,South,Tamil Nadu,3L-6L,0
11075,2022-05-27,26,Female,West,Rajasthan,6L-10L,0
11076,2021-06-29,37,Male,North,Punjab,<3L,0
11077,2023-02-19,27,Female,Central,Chhattisgarh,<3L,0
11078,2021-07-01,20,Male,South,Tamil Nadu,<3L,0
11079,2022-04-03,35,Female,West,Maharashtra,<3L,0
11080,2023-07-05,49,Female,North,Delhi,10L-15L,0
11081,2023-10-05,53,Male,North,Punjab,15L+,0
11082,2023-12-20,34,Male,Central,Chhattisgarh,<3L,0
11083,2023-11-16,33,Male,Central,Chhattisgarh,10L-15L,0
11084,2022-09-01,55,Female,South,Kerala,6L-10L,0
11085,2021-08-08,50,Male,North,Punjab,15L+,0
11086,2023-07-08,57,Male,Central,Chhattisgarh,3L-6L,0
11087,2023-05-28,60,Female,Central,Madhya Pradesh,3L-6L,1
11088,2023-12-21,56,Female,North,Delhi,6L-10L,0
11089,2022-12-14,62,Male,West,Maharashtra,10L-15L,1
11090,2021-06-05,37,Male,South,Karnataka,6L-10L,0
11091,2022-07-05,36,Other,West,Gujarat,6L-10L,0
11092,2022-05-06,33,Female,East,Odisha,3L-6L,1
11093,2023-07-13,29,Female,North,Punjab,6L-10L,0
11094,2022-03-06,53,Male,South,Karnataka,10L-15L,0
11095,2021-12-26,51,Male,East,Bihar,3L-6L,0
11096,2021-03-29,55,Male,West,Rajasthan,6L-10L,0
11097,2023-07-04,25,Female,North,Delhi,3L-6L,0
11098,2023-04-08,41,Male,Central,Madhya Pradesh,6L-10L,0
11099,2021-02-15,28,Male,West,Maharashtra,6L-10L,0
11100,2022-04-20,59,Female,Central,Chhattisgarh,10L-15L,0
11101,2022-06-10,30,Female,Central,Madhya Pradesh,15L+,0
11102,2022-05-29,24,Female,North,Haryana,3L-6L,0
11103,2023-10-04,44,Male,North,Punjab,3L-6L,0
11104,2021-06-14,59,Female,West,Gujarat,3L-6L,0
11105,2021-12-02,61,Male,North,Delhi,<3L,1
11106,2021-07-18,22,Male,North,Punjab,3L-6L,0
11107,2021-09-25,33,Female,East,West Bengal,<3L,0
11108,2023-09-21,25,Male,Central,Chhattisgarh,3L-6L,0
11109,2023-10-28,32,Female,West,Maharashtra,3L-6L,0
11110,2021-02-18,43,Female,East,West Bengal,3L-6L,0
11111,2022-11-24,31,Other,North,Delhi,10L-15L,0
11112,2021-09-12,21,Male,South,Telangana,3L-6L,0
11113,2021-07-30,41,Male,West,Rajasthan,6L-10L,0
11114,2021-11-16,20,Male,North,Punjab,10L-15L,0
11115,2021-08-01,28,Male,East,Odisha,6L-10L,0
11116,2022-06-21,18,Male,North,Haryana,3L-6L,0
11117,2023-12-27,22,Male,South,Kerala,3L-6L,0
11118,2022-10-05,38,Female,South,Kerala,6L-10L,0
11119,2023-03-03,57,Female,West,Gujarat,6L-10L,0
11120,2022-06-25,54,Female,Central,Chhattisgarh,<3L,0
11121,2021-01-16,22,Male,North,Punjab,3L-6L,0
11122,2021-04-03,19,Male,West,Rajasthan,6L-10L,0
11123,2021-10-22,33,Male,West,Gujarat,3L-6L,0
11124,2021-09-24,48,Male,Central,Chhattisgarh,6L-10L,0
11125,2023-07-10,53,Male,Central,Madhya Pradesh,<3L,0
11126,2023-07-13,56,Other,North,Haryana,3L-6L,0
11127,2023-07-25,34,Male,West,Rajasthan,10L-15L,0
11128,2022-11-30,25,Male,East,West Bengal,3L-6L,0
11129,2022-09-02,19,Female,North,Delhi,6L-10L,0
11130,2022-12-12,24,Female,South,Telangana,3L-6L,0
11131,2022-03-22,21,Female,Central,Madhya Pradesh,3L-6L,0
11132,2023-01-04,58,Male,East,Bihar,10L-15L,0
11133,2023-05-20,30,Female,South,Telangana,3L-6L,0
11134,2023-04-16,56,Male,South,Telangana,3L-6L,0
11135,2022-11-04,43,Male,Central,Madhya Pradesh,10L-15L,0
11136,2021-03-05,43,Female,South,Karnataka,6L-10L,0
11137,2023-03-05,39,Female,North,Punjab,6L-10L,0
11138,2022-02-06,56,Male,East,Bihar,<3L,0
11139,2023-03-26,20,Female,Central,Madhya Pradesh,<3L,0
11140,2022-08-14,22,Male,North,Delhi,6L-10L,0
11141,2023-08-23,37,Male,South,Tamil Nadu,3L-6L,0
11142,2022-01-06,36,Male,East,Bihar,3L-6L,0
11143,2023-10-17,43,Female,North,Haryana,10L-15L,0
11144,2023-07-14,52,Male,West,Maharashtra,3L-6L,0
11145,2021-12-29,45,Female,South,Tamil Nadu,<3L,0
11146,2022-06-13,30,Male,North,Delhi,<3L,0
11147,2022-08-05,33,Female,South,Telangana,3L-6L,1
11148,2023-04-22,53,Female,Central,Madhya Pradesh,6L-10L,0
11149,2023-01-25,27,Male,Central,Madhya Pradesh,10L-15L,0
11150,2023-07-22,41,Male,East,West Bengal,<3L,0
11151,2022-02-10,43,Male,East,Odisha,3L-6L,0
11152,2022-07-07,53,Female,Central,Madhya Pradesh,6L-10L,0
11153,2022-04-17,51,Male,North,Delhi,3L-6L,0
11154,2023-09-23,39,Female,West,Rajasthan,6L-10L,0
11155,2021-11-30,32,Male,West,Gujarat,10L-15L,0
11156,2022-10-05,35,Female,West,Maharashtra,6L-10L,0
11157,2021-05-12,37,Female,South,Kerala,3L-6L,0
11158,2023-07-21,28,Female,West,Rajasthan,15L+,0
11159,2022-02-25,47,Other,West,Maharashtra,<3L,0
11160,2022-01-08,27,Male,Central,Madhya Pradesh,15L+,0
11161,2022-10-01,48,Female,North,Delhi,6L-10L,0
11162,2022-07-01,53,Male,West,Rajasthan,6L-10L,0
11163,2023-07-18,63,Male,Central,Chhattisgarh,10L-15L,0
11164,2022-08-05,23,Female,South,Telangana,6L-10L,0
11165,2022-07-21,53,Female,West,Gujarat,3L-6L,0
11166,2021-04-25,22,Female,North,Punjab,3L-6L,1
11167,2021-01-25,33,Male,West,Gujarat,6L-10L,0
11168,2022-03-13,26,Male,West,Rajasthan,6L-10L,0
11169,2023-12-30,25,Male,North,Punjab,3L-6L,0
11170,2023-10-02,26,Female,North,Haryana,6L-10L,0
11171,2022-11-20,20,Male,West,Rajasthan,6L-10L,0
11172,2022-11-22,56,Male,South,Telangana,3L-6L,0
11173,2022-03-05,20,Male,East,Bihar,<3L,0
11174,2021-07-14,36,Male,North,Punjab,3L-6L,0
11175,2021-01-10,50,Male,Central,Madhya Pradesh,<3L,0
11176,2022-01-07,64,Male,East,Odisha,<3L,0
11177,2021-12-13,58,Female,Central,Chhattisgarh,3L-6L,0
11178,2021-07-29,24,Female,North,Haryana,<3L,0
11179,2021-10-11,64,Male,South,Karnataka,3L-6L,0
11180,2021-01-28,48,Female,West,Maharashtra,6L-10L,0
11181,2022-10-28,26,Female,West,Gujarat,3L-6L,0
11182,2023-10-13,39,Male,West,Rajasthan,15L+,0
11183,2023-01-27,61,Male,Central,Madhya Pradesh,10L-15L,1
11184,2022-05-06,36,Male,Central,Madhya Pradesh,6L-10L,0
11185,2022-04-06,26,Male,North,Delhi,15L+,0
11186,2021-12-03,59,Female,South,Telangana,10L-15L,1
11187,2021-06-05,62,Other,Central,Madhya Pradesh,3L-6L,1
11188,2022-10-18,63,Male,East,West Bengal,6L-10L,0
11189,2022-09-13,62,Female,Central,Madhya Pradesh,<3L,0
11190,2021-01-09,59,Male,East,West Bengal,6L-10L,0
11191,2022-03-31,39,Female,North,Punjab,6L-10L,0
11192,2021-11-01,27,Female,East,Bihar,<3L,0
11193,2021-07-06,47,Male,Central,Chhattisgarh,3L-6L,0
11194,2023-02-09,28,Male,West,Rajasthan,15L+,0
11195,2022-07-30,40,Female,North,Haryana,3L-6L,1
11196,2022-11-25,48,Other,South,Telangana,3L-6L,0
11197,2023-02-21,62,Male,Central,Madhya Pradesh,3L-6L,0
11198,2023-12-12,31,Male,Central,Chhattisgarh,6L-10L,0
11199,2023-05-30,29,Male,West,Maharashtra,10L-15L,0
11200,2022-11-11,52,Female,North,Punjab,10L-15L,0
